"filename", "language", "XML", "Batch", "Markdown", "C#", "Shell Script", "comment", "blank", "total"
"e:\Documents\Programs\Chinese-Chess-v3\Assets\Font\Readme.md", "Markdown", 0, 0, 17, 0, 0, 0, 6, 23
"e:\Documents\Programs\Chinese-Chess-v3\Chinese-Chess-v3.csproj", "XML", 20, 0, 0, 0, 0, 1, 1, 22
"e:\Documents\Programs\Chinese-Chess-v3\DEPRECATED\BoardConstants.cs", "C#", 0, 0, 0, 22, 0, 16, 6, 44
"e:\Documents\Programs\Chinese-Chess-v3\DEPRECATED\BoardSettings.cs", "C#", 0, 0, 0, 13, 0, 13, 4, 30
"e:\Documents\Programs\Chinese-Chess-v3\DEPRECATED\Bootstrap\UIInitializer.cs", "C#", 0, 0, 0, 20, 0, 15, 8, 43
"e:\Documents\Programs\Chinese-Chess-v3\DEPRECATED\Controllers\MainMenuController.cs", "C#", 0, 0, 0, 53, 0, 8, 12, 73
"e:\Documents\Programs\Chinese-Chess-v3\DEPRECATED\Controls\ScrollTextBox.cs", "C#", 0, 0, 0, 60, 0, 11, 19, 90
"e:\Documents\Programs\Chinese-Chess-v3\DEPRECATED\InitializableOnceElement.cs", "C#", 0, 0, 0, 25, 0, 31, 15, 71
"e:\Documents\Programs\Chinese-Chess-v3\DEPRECATED\Panels\BoardPanel.cs", "C#", 0, 0, 0, 0, 0, 8, 1, 9
"e:\Documents\Programs\Chinese-Chess-v3\DEPRECATED\Panels\GameMenuPanel.cs", "C#", 0, 0, 0, 0, 0, 8, 1, 9
"e:\Documents\Programs\Chinese-Chess-v3\DEPRECATED\Panels\MainMenuPanel.cs", "C#", 0, 0, 0, 87, 0, 25, 17, 129
"e:\Documents\Programs\Chinese-Chess-v3\DEPRECATED\Panels\SidebarPanel.cs", "C#", 0, 0, 0, 0, 0, 8, 1, 9
"e:\Documents\Programs\Chinese-Chess-v3\DEPRECATED\SidebarConstants.cs", "C#", 0, 0, 0, 8, 0, 9, 2, 19
"e:\Documents\Programs\Chinese-Chess-v3\DEPRECATED\SidebarSettings.cs", "C#", 0, 0, 0, 23, 0, 16, 9, 48
"e:\Documents\Programs\Chinese-Chess-v3\DEPRECATED\StarfieldRenderer.cs", "C#", 0, 0, 0, 361, 0, 121, 62, 544
"e:\Documents\Programs\Chinese-Chess-v3\DEPRECATED\UIRenderContext.cs", "C#", 0, 0, 0, 12, 0, 8, 4, 24
"e:\Documents\Programs\Chinese-Chess-v3\Engine\Configs\EngineSettings.cs", "C#", 0, 0, 0, 11, 0, 12, 6, 29
"e:\Documents\Programs\Chinese-Chess-v3\Engine\Geometry\LayoutF.cs", "C#", 0, 0, 0, 69, 0, 31, 23, 123
"e:\Documents\Programs\Chinese-Chess-v3\Engine\Globals\GlobalWindow.cs", "C#", 0, 0, 0, 19, 0, 31, 8, 58
"e:\Documents\Programs\Chinese-Chess-v3\Engine\GraphicsUtils\GraphicsHelper.cs", "C#", 0, 0, 0, 16, 0, 8, 2, 26
"e:\Documents\Programs\Chinese-Chess-v3\Engine\GraphicsUtils\GraphicsPaths\ApplyVerticalSkew.cs", "C#", 0, 0, 0, 19, 0, 12, 4, 35
"e:\Documents\Programs\Chinese-Chess-v3\Engine\GraphicsUtils\GraphicsPaths\InvertedRoundedRectPath.cs", "C#", 0, 0, 0, 24, 0, 56, 12, 92
"e:\Documents\Programs\Chinese-Chess-v3\Engine\GraphicsUtils\GraphicsPaths\RoundedRectPath.cs", "C#", 0, 0, 0, 31, 0, 14, 7, 52
"e:\Documents\Programs\Chinese-Chess-v3\Engine\GraphicsUtils\GraphicsPaths\ShieldPath.cs", "C#", 0, 0, 0, 25, 0, 11, 7, 43
"e:\Documents\Programs\Chinese-Chess-v3\Engine\Logging\AppLogger.cs", "C#", 0, 0, 0, 141, 0, 8, 20, 169
"e:\Documents\Programs\Chinese-Chess-v3\Engine\Logging\LogFileManager.cs", "C#", 0, 0, 0, 13, 0, 8, 3, 24
"e:\Documents\Programs\Chinese-Chess-v3\Engine\Mathematics\MathUtil.cs", "C#", 0, 0, 0, 70, 0, 31, 18, 119
"e:\Documents\Programs\Chinese-Chess-v3\Engine\Mathematics\PositionHelper.cs", "C#", 0, 0, 0, 12, 0, 8, 2, 22
"e:\Documents\Programs\Chinese-Chess-v3\Engine\Mathematics\RangeF.cs", "C#", 0, 0, 0, 18, 0, 26, 6, 50
"e:\Documents\Programs\Chinese-Chess-v3\Engine\Mathematics\Vector2F.cs", "C#", 0, 0, 0, 169, 0, 244, 51, 464
"e:\Documents\Programs\Chinese-Chess-v3\Engine\Physics\IPhysical2D.cs", "C#", 0, 0, 0, 7, 0, 19, 2, 28
"e:\Documents\Programs\Chinese-Chess-v3\Engine\Physics\Physics2D.cs", "C#", 0, 0, 0, 202, 0, 187, 66, 455
"e:\Documents\Programs\Chinese-Chess-v3\Engine\Physics\PhysicsRegistry.cs", "C#", 0, 0, 0, 29, 0, 36, 11, 76
"e:\Documents\Programs\Chinese-Chess-v3\Engine\Randomization\GlobalRandom.cs", "C#", 0, 0, 0, 7, 0, 15, 2, 24
"e:\Documents\Programs\Chinese-Chess-v3\Engine\Randomization\IRandomProvider.cs", "C#", 0, 0, 0, 15, 0, 53, 10, 78
"e:\Documents\Programs\Chinese-Chess-v3\Engine\Randomization\RandomTable.cs", "C#", 0, 0, 0, 74, 0, 68, 17, 159
"e:\Documents\Programs\Chinese-Chess-v3\Engine\Randomization\RandomTableThreadSafe.cs", "C#", 0, 0, 0, 96, 0, 68, 17, 181
"e:\Documents\Programs\Chinese-Chess-v3\Engine\Randomization\WeightedRandomSelector.cs", "C#", 0, 0, 0, 29, 0, 21, 8, 58
"e:\Documents\Programs\Chinese-Chess-v3\Engine\SharedLib.csproj", "XML", 9, 0, 0, 0, 0, 1, 1, 11
"e:\Documents\Programs\Chinese-Chess-v3\Engine\Styles\BorderStyle.cs", "C#", 0, 0, 0, 9, 0, 8, 3, 20
"e:\Documents\Programs\Chinese-Chess-v3\Engine\Styles\DoubleBorderRoundedStyle.cs", "C#", 0, 0, 0, 58, 0, 10, 17, 85
"e:\Documents\Programs\Chinese-Chess-v3\Engine\Styles\FontManager.cs", "C#", 0, 0, 0, 32, 0, 9, 7, 48
"e:\Documents\Programs\Chinese-Chess-v3\Engine\Styles\IBoxDrawStyle.cs", "C#", 0, 0, 0, 11, 0, 8, 4, 23
"e:\Documents\Programs\Chinese-Chess-v3\Engine\Styles\IBrushFactory.cs", "C#", 0, 0, 0, 9, 0, 8, 4, 21
"e:\Documents\Programs\Chinese-Chess-v3\Engine\Styles\IButtonDrawStyle.cs", "C#", 0, 0, 0, 11, 0, 8, 4, 23
"e:\Documents\Programs\Chinese-Chess-v3\Engine\Styles\InwardCornerDialogStyle.cs", "C#", 0, 0, 0, 29, 0, 17, 11, 57
"e:\Documents\Programs\Chinese-Chess-v3\Engine\Styles\LinearGradientBrushFactory.cs", "C#", 0, 0, 0, 23, 0, 17, 7, 47
"e:\Documents\Programs\Chinese-Chess-v3\Engine\Styles\SingleBorderRoundedStyle.cs", "C#", 0, 0, 0, 48, 0, 10, 17, 75
"e:\Documents\Programs\Chinese-Chess-v3\Engine\Styles\SolidBrushFactory.cs", "C#", 0, 0, 0, 14, 0, 8, 6, 28
"e:\Documents\Programs\Chinese-Chess-v3\Engine\Styles\StyleHelper.cs", "C#", 0, 0, 0, 130, 0, 22, 14, 166
"e:\Documents\Programs\Chinese-Chess-v3\Engine\Timing\GlobalTime.cs", "C#", 0, 0, 0, 7, 0, 14, 1, 22
"e:\Documents\Programs\Chinese-Chess-v3\Engine\Timing\ITimerProvider.cs", "C#", 0, 0, 0, 11, 0, 20, 5, 36
"e:\Documents\Programs\Chinese-Chess-v3\Engine\Timing\TimerManager.cs", "C#", 0, 0, 0, 41, 0, 36, 14, 91
"e:\Documents\Programs\Chinese-Chess-v3\Engine\Timing\TimerSettings.cs", "C#", 0, 0, 0, 10, 0, 21, 5, 36
"e:\Documents\Programs\Chinese-Chess-v3\Engine\UI\Constants\Components\BaseDefaults.cs", "C#", 0, 0, 0, 15, 0, 8, 8, 31
"e:\Documents\Programs\Chinese-Chess-v3\Engine\UI\Constants\Components\ButtonDefaults.cs", "C#", 0, 0, 0, 15, 0, 8, 8, 31
"e:\Documents\Programs\Chinese-Chess-v3\Engine\UI\Constants\Components\ContainerDefaults.cs", "C#", 0, 0, 0, 15, 0, 8, 8, 31
"e:\Documents\Programs\Chinese-Chess-v3\Engine\UI\Constants\Components\MenuDefaults.cs", "C#", 0, 0, 0, 34, 0, 11, 21, 66
"e:\Documents\Programs\Chinese-Chess-v3\Engine\UI\Constants\Components\ScrollContainerDefaults.cs", "C#", 0, 0, 0, 16, 0, 8, 9, 33
"e:\Documents\Programs\Chinese-Chess-v3\Engine\UI\Constants\Components\TextBoxDefaults.cs", "C#", 0, 0, 0, 25, 0, 10, 15, 50
"e:\Documents\Programs\Chinese-Chess-v3\Engine\UI\Constants\Components\UIElementType.cs", "C#", 0, 0, 0, 18, 0, 8, 2, 28
"e:\Documents\Programs\Chinese-Chess-v3\Engine\UI\Constants\Core\Alignment.cs", "C#", 0, 0, 0, 10, 0, 9, 2, 21
"e:\Documents\Programs\Chinese-Chess-v3\Engine\UI\Constants\Core\Anchor.cs", "C#", 0, 0, 0, 19, 0, 9, 3, 31
"e:\Documents\Programs\Chinese-Chess-v3\Engine\UI\Constants\Core\PaddingF.cs", "C#", 0, 0, 0, 13, 0, 9, 3, 25
"e:\Documents\Programs\Chinese-Chess-v3\Engine\UI\Constants\Events\UIEventType.cs", "C#", 0, 0, 0, 11, 0, 11, 1, 23
"e:\Documents\Programs\Chinese-Chess-v3\Engine\UI\Core\Bases\InitializableOnceBase.cs", "C#", 0, 0, 0, 36, 0, 28, 20, 84
"e:\Documents\Programs\Chinese-Chess-v3\Engine\UI\Core\Bases\UIElementBase.cs", "C#", 0, 0, 0, 118, 0, 188, 77, 383
"e:\Documents\Programs\Chinese-Chess-v3\Engine\UI\Core\Bases\UIHandlerBase.cs", "C#", 0, 0, 0, 17, 0, 9, 12, 38
"e:\Documents\Programs\Chinese-Chess-v3\Engine\UI\Core\Bases\UIRendererBase.cs", "C#", 0, 0, 0, 10, 0, 9, 5, 24
"e:\Documents\Programs\Chinese-Chess-v3\Engine\UI\Core\Elements\UIButton.cs", "C#", 0, 0, 0, 45, 0, 9, 16, 70
"e:\Documents\Programs\Chinese-Chess-v3\Engine\UI\Core\Elements\UIContainer.cs", "C#", 0, 0, 0, 49, 0, 13, 22, 84
"e:\Documents\Programs\Chinese-Chess-v3\Engine\UI\Core\Elements\UIElement.cs", "C#", 0, 0, 0, 367, 0, 145, 102, 614
"e:\Documents\Programs\Chinese-Chess-v3\Engine\UI\Core\Elements\UILabel.cs", "C#", 0, 0, 0, 34, 0, 26, 20, 80
"e:\Documents\Programs\Chinese-Chess-v3\Engine\UI\Core\Elements\UIMenu.cs", "C#", 0, 0, 0, 107, 0, 16, 34, 157
"e:\Documents\Programs\Chinese-Chess-v3\Engine\UI\Core\Elements\UINode.cs", "C#", 0, 0, 0, 20, 0, 27, 12, 59
"e:\Documents\Programs\Chinese-Chess-v3\Engine\UI\Core\Elements\UIOverlayMask.cs", "C#", 0, 0, 0, 69, 0, 18, 17, 104
"e:\Documents\Programs\Chinese-Chess-v3\Engine\UI\Core\Elements\UIOverlayNode.cs", "C#", 0, 0, 0, 11, 0, 29, 3, 43
"e:\Documents\Programs\Chinese-Chess-v3\Engine\UI\Core\Elements\UIRootNode.cs", "C#", 0, 0, 0, 19, 0, 30, 6, 55
"e:\Documents\Programs\Chinese-Chess-v3\Engine\UI\Core\Elements\UIScrollContainer.cs", "C#", 0, 0, 0, 141, 0, 81, 42, 264
"e:\Documents\Programs\Chinese-Chess-v3\Engine\UI\Core\Elements\UITextBox.cs", "C#", 0, 0, 0, 150, 0, 37, 46, 233
"e:\Documents\Programs\Chinese-Chess-v3\Engine\UI\Core\Handlers\UIButtonHandler.cs", "C#", 0, 0, 0, 34, 0, 10, 11, 55
"e:\Documents\Programs\Chinese-Chess-v3\Engine\UI\Core\Handlers\UIContainerHandler.cs", "C#", 0, 0, 0, 13, 0, 8, 3, 24
"e:\Documents\Programs\Chinese-Chess-v3\Engine\UI\Core\Handlers\UIHandler.cs", "C#", 0, 0, 0, 71, 0, 11, 24, 106
"e:\Documents\Programs\Chinese-Chess-v3\Engine\UI\Core\Handlers\UILabelHandler.cs", "C#", 0, 0, 0, 15, 0, 16, 6, 37
"e:\Documents\Programs\Chinese-Chess-v3\Engine\UI\Core\Handlers\UIMenuHandler.cs", "C#", 0, 0, 0, 19, 0, 8, 5, 32
"e:\Documents\Programs\Chinese-Chess-v3\Engine\UI\Core\Handlers\UIScrollContainerHandler.cs", "C#", 0, 0, 0, 101, 0, 52, 18, 171
"e:\Documents\Programs\Chinese-Chess-v3\Engine\UI\Core\Handlers\UITextBoxHandler.cs", "C#", 0, 0, 0, 34, 0, 20, 9, 63
"e:\Documents\Programs\Chinese-Chess-v3\Engine\UI\Core\Interfaces\IDrawable.cs", "C#", 0, 0, 0, 8, 0, 28, 2, 38
"e:\Documents\Programs\Chinese-Chess-v3\Engine\UI\Core\Interfaces\IInitializableOnce.cs", "C#", 0, 0, 0, 13, 0, 32, 5, 50
"e:\Documents\Programs\Chinese-Chess-v3\Engine\UI\Core\Interfaces\IResettable.cs", "C#", 0, 0, 0, 7, 0, 14, 2, 23
"e:\Documents\Programs\Chinese-Chess-v3\Engine\UI\Core\Interfaces\IScreen.cs", "C#", 0, 0, 0, 8, 0, 30, 3, 41
"e:\Documents\Programs\Chinese-Chess-v3\Engine\UI\Core\Interfaces\IUiContainer.cs", "C#", 0, 0, 0, 9, 0, 31, 4, 44
"e:\Documents\Programs\Chinese-Chess-v3\Engine\UI\Core\Interfaces\IUiFactory.cs", "C#", 0, 0, 0, 46, 0, 25, 16, 87
"e:\Documents\Programs\Chinese-Chess-v3\Engine\UI\Core\Interfaces\IUpdatable.cs", "C#", 0, 0, 0, 7, 0, 22, 2, 31
"e:\Documents\Programs\Chinese-Chess-v3\Engine\UI\Core\Renderers\CompositeRenderer.cs", "C#", 0, 0, 0, 38, 0, 17, 8, 63
"e:\Documents\Programs\Chinese-Chess-v3\Engine\UI\Core\Renderers\UIButtonRenderer.cs", "C#", 0, 0, 0, 15, 0, 15, 5, 35
"e:\Documents\Programs\Chinese-Chess-v3\Engine\UI\Core\Renderers\UIContainerRenderer.cs", "C#", 0, 0, 0, 21, 0, 26, 10, 57
"e:\Documents\Programs\Chinese-Chess-v3\Engine\UI\Core\Renderers\UILabelRenderer.cs", "C#", 0, 0, 0, 78, 0, 23, 18, 119
"e:\Documents\Programs\Chinese-Chess-v3\Engine\UI\Core\Renderers\UIMenuRenderer.cs", "C#", 0, 0, 0, 73, 0, 11, 15, 99
"e:\Documents\Programs\Chinese-Chess-v3\Engine\UI\Core\Renderers\UIRenderer.cs", "C#", 0, 0, 0, 66, 0, 46, 28, 140
"e:\Documents\Programs\Chinese-Chess-v3\Engine\UI\Core\Renderers\UIScrollContainerRenderer.cs", "C#", 0, 0, 0, 9, 0, 8, 3, 20
"e:\Documents\Programs\Chinese-Chess-v3\Engine\UI\Core\Renderers\UITextBoxRenderer.cs", "C#", 0, 0, 0, 69, 0, 10, 13, 92
"e:\Documents\Programs\Chinese-Chess-v3\Engine\UI\Dialog\ConfirmDialogOptions.cs", "C#", 0, 0, 0, 39, 0, 13, 7, 59
"e:\Documents\Programs\Chinese-Chess-v3\Engine\UI\Dialog\ConfirmDialogType.cs", "C#", 0, 0, 0, 19, 0, 8, 3, 30
"e:\Documents\Programs\Chinese-Chess-v3\Engine\UI\Infrastructure\DialogManager.cs", "C#", 0, 0, 0, 46, 0, 8, 10, 64
"e:\Documents\Programs\Chinese-Chess-v3\Engine\UI\Infrastructure\IUiFactoryContext.cs", "C#", 0, 0, 0, 10, 0, 8, 4, 22
"e:\Documents\Programs\Chinese-Chess-v3\Engine\UI\Infrastructure\NavigationManager.cs", "C#", 0, 0, 0, 86, 0, 36, 25, 147
"e:\Documents\Programs\Chinese-Chess-v3\Engine\UI\Infrastructure\UIManager.cs", "C#", 0, 0, 0, 42, 0, 33, 12, 87
"e:\Documents\Programs\Chinese-Chess-v3\Engine\UI\Infrastructure\UiFactory.cs", "C#", 0, 0, 0, 143, 0, 73, 42, 258
"e:\Documents\Programs\Chinese-Chess-v3\Engine\UI\Input\DragHandler.cs", "C#", 0, 0, 0, 96, 0, 91, 48, 235
"e:\Documents\Programs\Chinese-Chess-v3\Engine\UI\Input\IInputHandler.cs", "C#", 0, 0, 0, 17, 0, 77, 12, 106
"e:\Documents\Programs\Chinese-Chess-v3\Engine\UI\Input\IScrollInputHandler.cs", "C#", 0, 0, 0, 29, 0, 73, 15, 117
"e:\Documents\Programs\Chinese-Chess-v3\Engine\UI\Input\MouseInputRouter.cs", "C#", 0, 0, 0, 122, 0, 104, 49, 275
"e:\Documents\Programs\Chinese-Chess-v3\Engine\UI\Input\ScrollInputHandler.cs", "C#", 0, 0, 0, 145, 0, 103, 56, 304
"e:\Documents\Programs\Chinese-Chess-v3\Engine\UI\Input\UIInputManager.cs", "C#", 0, 0, 0, 72, 0, 80, 34, 186
"e:\Documents\Programs\Chinese-Chess-v3\Engine\UI\Models\UILayout.cs", "C#", 0, 0, 0, 16, 0, 65, 10, 91
"e:\Documents\Programs\Chinese-Chess-v3\Engine\UI\Models\UIPosition.cs", "C#", 0, 0, 0, 24, 0, 38, 12, 74
"e:\Documents\Programs\Chinese-Chess-v3\Engine\UI\Utils\UIElementUtils.cs", "C#", 0, 0, 0, 34, 0, 25, 9, 68
"e:\Documents\Programs\Chinese-Chess-v3\Engine\UI\Widgets\ButtonEntry.cs", "C#", 0, 0, 0, 16, 0, 21, 6, 43
"e:\Documents\Programs\Chinese-Chess-v3\Game\Configs\Board\BoardStyles.cs", "C#", 0, 0, 0, 28, 0, 8, 6, 42
"e:\Documents\Programs\Chinese-Chess-v3\Game\Configs\Board\PieceSettings.cs", "C#", 0, 0, 0, 21, 0, 13, 5, 39
"e:\Documents\Programs\Chinese-Chess-v3\Game\Configs\Settings.cs", "C#", 0, 0, 0, 8, 0, 8, 1, 17
"e:\Documents\Programs\Chinese-Chess-v3\Game\Configs\Sidebar\InfoBoardSettings.cs", "C#", 0, 0, 0, 13, 0, 8, 4, 25
"e:\Documents\Programs\Chinese-Chess-v3\Game\Configs\Sidebar\LoggerSettings.cs", "C#", 0, 0, 0, 11, 0, 8, 4, 23
"e:\Documents\Programs\Chinese-Chess-v3\Game\Constants\Game\BoardConstants.cs", "C#", 0, 0, 0, 20, 0, 15, 5, 40
"e:\Documents\Programs\Chinese-Chess-v3\Game\Constants\UI\UILayoutConstants.Board.cs", "C#", 0, 0, 0, 36, 0, 27, 10, 73
"e:\Documents\Programs\Chinese-Chess-v3\Game\Constants\UI\UILayoutConstants.GameMenu.cs", "C#", 0, 0, 0, 28, 0, 21, 7, 56
"e:\Documents\Programs\Chinese-Chess-v3\Game\Constants\UI\UILayoutConstants.MainMenu.cs", "C#", 0, 0, 0, 34, 0, 21, 7, 62
"e:\Documents\Programs\Chinese-Chess-v3\Game\Constants\UI\UILayoutConstants.Sidebar.cs", "C#", 0, 0, 0, 45, 0, 33, 11, 89
"e:\Documents\Programs\Chinese-Chess-v3\Game\Constants\UI\UILayoutConstants.Submenu.cs", "C#", 0, 0, 0, 35, 0, 21, 7, 63
"e:\Documents\Programs\Chinese-Chess-v3\Game\Constants\UI\UILayoutStyles.cs", "C#", 0, 0, 0, 104, 0, 8, 11, 123
"e:\Documents\Programs\Chinese-Chess-v3\Game\Core\Board.cs", "C#", 0, 0, 0, 100, 0, 105, 18, 223
"e:\Documents\Programs\Chinese-Chess-v3\Game\Core\BoardConfigLoader.cs", "C#", 0, 0, 0, 50, 0, 27, 8, 85
"e:\Documents\Programs\Chinese-Chess-v3\Game\Core\GameManager.cs", "C#", 0, 0, 0, 217, 0, 31, 36, 284
"e:\Documents\Programs\Chinese-Chess-v3\Game\Core\Piece.cs", "C#", 0, 0, 0, 33, 0, 77, 15, 125
"e:\Documents\Programs\Chinese-Chess-v3\Game\Core\Pieces\Advisor.cs", "C#", 0, 0, 0, 57, 0, 53, 18, 128
"e:\Documents\Programs\Chinese-Chess-v3\Game\Core\Pieces\Cannon.cs", "C#", 0, 0, 0, 96, 0, 70, 23, 189
"e:\Documents\Programs\Chinese-Chess-v3\Game\Core\Pieces\Chariot.cs", "C#", 0, 0, 0, 74, 0, 58, 20, 152
"e:\Documents\Programs\Chinese-Chess-v3\Game\Core\Pieces\Elephant.cs", "C#", 0, 0, 0, 65, 0, 61, 21, 147
"e:\Documents\Programs\Chinese-Chess-v3\Game\Core\Pieces\General.cs", "C#", 0, 0, 0, 58, 0, 58, 17, 133
"e:\Documents\Programs\Chinese-Chess-v3\Game\Core\Pieces\Horse.cs", "C#", 0, 0, 0, 68, 0, 56, 21, 145
"e:\Documents\Programs\Chinese-Chess-v3\Game\Core\Pieces\Soldier.cs", "C#", 0, 0, 0, 68, 0, 62, 20, 150
"e:\Documents\Programs\Chinese-Chess-v3\Game\Core\Rules.cs", "C#", 0, 0, 0, 3, 0, 8, 2, 13
"e:\Documents\Programs\Chinese-Chess-v3\Game\Models\Bounds.cs", "C#", 0, 0, 0, 26, 0, 8, 8, 42
"e:\Documents\Programs\Chinese-Chess-v3\Game\Models\PieceConstants.cs", "C#", 0, 0, 0, 60, 0, 9, 4, 73
"e:\Documents\Programs\Chinese-Chess-v3\Game\Models\PieceInfo.cs", "C#", 0, 0, 0, 19, 0, 8, 2, 29
"e:\Documents\Programs\Chinese-Chess-v3\Game\Models\PieceType.cs", "C#", 0, 0, 0, 13, 0, 8, 1, 22
"e:\Documents\Programs\Chinese-Chess-v3\Game\Models\Player.cs", "C#", 0, 0, 0, 15, 0, 11, 5, 31
"e:\Documents\Programs\Chinese-Chess-v3\Game\Models\PlayerSide.cs", "C#", 0, 0, 0, 8, 0, 8, 1, 17
"e:\Documents\Programs\Chinese-Chess-v3\Game\Models\PlayerTimer.cs", "C#", 0, 0, 0, 135, 0, 16, 35, 186
"e:\Documents\Programs\Chinese-Chess-v3\Game\Timing\PlayerTimer.cs", "C#", 0, 0, 0, 66, 0, 14, 13, 93
"e:\Documents\Programs\Chinese-Chess-v3\Game\UI\Binders\UIPieceBinder.cs", "C#", 0, 0, 0, 124, 0, 20, 27, 171
"e:\Documents\Programs\Chinese-Chess-v3\Game\UI\Dialogs\ConfirmDialog.cs", "C#", 0, 0, 0, 96, 0, 8, 23, 127
"e:\Documents\Programs\Chinese-Chess-v3\Game\UI\Dialogs\ConfirmDialogRenderer.cs", "C#", 0, 0, 0, 27, 0, 8, 8, 43
"e:\Documents\Programs\Chinese-Chess-v3\Game\UI\Elements\UIPiece.cs", "C#", 0, 0, 0, 34, 0, 34, 11, 79
"e:\Documents\Programs\Chinese-Chess-v3\Game\UI\Screens\Games\Boards\BoardRenderer.cs", "C#", 0, 0, 0, 158, 0, 38, 36, 232
"e:\Documents\Programs\Chinese-Chess-v3\Game\UI\Screens\Games\Boards\ChessBoard.cs", "C#", 0, 0, 0, 46, 0, 15, 16, 77
"e:\Documents\Programs\Chinese-Chess-v3\Game\UI\Screens\Games\Boards\ChessBoardHandler.cs", "C#", 0, 0, 0, 21, 0, 11, 4, 36
"e:\Documents\Programs\Chinese-Chess-v3\Game\UI\Screens\Games\Boards\ChessBoardRenderer.cs", "C#", 0, 0, 0, 27, 0, 11, 8, 46
"e:\Documents\Programs\Chinese-Chess-v3\Game\UI\Screens\Games\Boards\PieceRenderer.cs", "C#", 0, 0, 0, 63, 0, 11, 14, 88
"e:\Documents\Programs\Chinese-Chess-v3\Game\UI\Screens\Games\GameMenu.cs", "C#", 0, 0, 0, 60, 0, 8, 14, 82
"e:\Documents\Programs\Chinese-Chess-v3\Game\UI\Screens\Games\GameMenuHandler.cs", "C#", 0, 0, 0, 36, 0, 11, 5, 52
"e:\Documents\Programs\Chinese-Chess-v3\Game\UI\Screens\Games\GameMenuRenderer.cs", "C#", 0, 0, 0, 8, 0, 8, 3, 19
"e:\Documents\Programs\Chinese-Chess-v3\Game\UI\Screens\Games\Options\GameMenuOptions.cs", "C#", 0, 0, 0, 21, 0, 8, 4, 33
"e:\Documents\Programs\Chinese-Chess-v3\Game\UI\Screens\Games\Options\GameMenuType.cs", "C#", 0, 0, 0, 13, 0, 8, 2, 23
"e:\Documents\Programs\Chinese-Chess-v3\Game\UI\Screens\Games\Sidebars\InfoBoards\InfoBoard.cs", "C#", 0, 0, 0, 25, 0, 8, 7, 40
"e:\Documents\Programs\Chinese-Chess-v3\Game\UI\Screens\Games\Sidebars\InfoBoards\InfoBoardHandler.cs", "C#", 0, 0, 0, 18, 0, 11, 6, 35
"e:\Documents\Programs\Chinese-Chess-v3\Game\UI\Screens\Games\Sidebars\InfoBoards\InfoBoardRenderer.cs", "C#", 0, 0, 0, 125, 0, 21, 31, 177
"e:\Documents\Programs\Chinese-Chess-v3\Game\UI\Screens\Games\Sidebars\LoggerBoxes\LoggerBox.cs", "C#", 0, 0, 0, 19, 0, 8, 6, 33
"e:\Documents\Programs\Chinese-Chess-v3\Game\UI\Screens\Games\Sidebars\LoggerBoxes\LoggerBoxHandler.cs", "C#", 0, 0, 0, 8, 0, 8, 2, 18
"e:\Documents\Programs\Chinese-Chess-v3\Game\UI\Screens\Games\Sidebars\LoggerBoxes\LoggerBoxRenderer.cs", "C#", 0, 0, 0, 8, 0, 8, 3, 19
"e:\Documents\Programs\Chinese-Chess-v3\Game\UI\Screens\Games\Sidebars\Sidebar.cs", "C#", 0, 0, 0, 39, 0, 22, 14, 75
"e:\Documents\Programs\Chinese-Chess-v3\Game\UI\Screens\Games\Sidebars\SidebarHandler.cs", "C#", 0, 0, 0, 9, 0, 12, 4, 25
"e:\Documents\Programs\Chinese-Chess-v3\Game\UI\Screens\Games\Sidebars\SidebarRenderer.cs", "C#", 0, 0, 0, 8, 0, 8, 3, 19
"e:\Documents\Programs\Chinese-Chess-v3\Game\UI\Screens\Menus\MainMenu.cs", "C#", 0, 0, 0, 40, 0, 9, 10, 59
"e:\Documents\Programs\Chinese-Chess-v3\Game\UI\Screens\Menus\MainMenuHandler.cs", "C#", 0, 0, 0, 94, 0, 27, 15, 136
"e:\Documents\Programs\Chinese-Chess-v3\Game\UI\Screens\Menus\MainMenuRenderer.cs", "C#", 0, 0, 0, 8, 0, 8, 3, 19
"e:\Documents\Programs\Chinese-Chess-v3\Game\UI\Screens\Menus\Options\MainMenuOptions.cs", "C#", 0, 0, 0, 22, 0, 8, 4, 34
"e:\Documents\Programs\Chinese-Chess-v3\Game\UI\Screens\Menus\Options\MainMenuType.cs", "C#", 0, 0, 0, 14, 0, 8, 2, 24
"e:\Documents\Programs\Chinese-Chess-v3\Game\UI\Screens\Menus\Options\NewGameMenuOptions.cs", "C#", 0, 0, 0, 20, 0, 8, 4, 32
"e:\Documents\Programs\Chinese-Chess-v3\Game\UI\Screens\Menus\Options\NewGameMenuType.cs", "C#", 0, 0, 0, 12, 0, 8, 2, 22
"e:\Documents\Programs\Chinese-Chess-v3\Game\UI\Screens\Menus\Submenus\LoadGameMenu.cs", "C#", 0, 0, 0, 53, 0, 8, 12, 73
"e:\Documents\Programs\Chinese-Chess-v3\Game\UI\Screens\Menus\Submenus\LoadGameMenuHandler.cs", "C#", 0, 0, 0, 13, 0, 12, 4, 29
"e:\Documents\Programs\Chinese-Chess-v3\Game\UI\Screens\Menus\Submenus\LoadGameMenuRenderer.cs", "C#", 0, 0, 0, 8, 0, 8, 3, 19
"e:\Documents\Programs\Chinese-Chess-v3\Game\UI\Screens\Menus\Submenus\NewGameMenu.cs", "C#", 0, 0, 0, 39, 0, 8, 11, 58
"e:\Documents\Programs\Chinese-Chess-v3\Game\UI\Screens\Menus\Submenus\NewGameMenuHandler.cs", "C#", 0, 0, 0, 20, 0, 11, 9, 40
"e:\Documents\Programs\Chinese-Chess-v3\Game\UI\Screens\Menus\Submenus\NewGameMenuRenderer.cs", "C#", 0, 0, 0, 8, 0, 8, 3, 19
"e:\Documents\Programs\Chinese-Chess-v3\Launcher\MainForm.cs", "C#", 0, 0, 0, 86, 0, 9, 24, 119
"e:\Documents\Programs\Chinese-Chess-v3\Launcher\Program.cs", "C#", 0, 0, 0, 69, 0, 48, 17, 134
"e:\Documents\Programs\Chinese-Chess-v3\Launcher\UIInitializer.cs", "C#", 0, 0, 0, 25, 0, 30, 12, 67
"e:\Documents\Programs\Chinese-Chess-v3\README.md", "Markdown", 0, 0, 29, 0, 0, 0, 14, 43
"e:\Documents\Programs\Chinese-Chess-v3\StarAnimation\Configs\Settings.cs", "C#", 0, 0, 0, 7, 0, 8, 1, 16
"e:\Documents\Programs\Chinese-Chess-v3\StarAnimation\Controllers\BackgroundController.cs", "C#", 0, 0, 0, 28, 0, 8, 8, 44
"e:\Documents\Programs\Chinese-Chess-v3\StarAnimation\Controllers\EffectController.cs", "C#", 0, 0, 0, 126, 0, 23, 29, 178
"e:\Documents\Programs\Chinese-Chess-v3\StarAnimation\Controllers\FrameController.cs", "C#", 0, 0, 0, 52, 0, 40, 16, 108
"e:\Documents\Programs\Chinese-Chess-v3\StarAnimation\Controllers\MainRenderController.cs", "C#", 0, 0, 0, 41, 0, 44, 15, 100
"e:\Documents\Programs\Chinese-Chess-v3\StarAnimation\Controllers\StarController.cs", "C#", 0, 0, 0, 159, 0, 42, 29, 230
"e:\Documents\Programs\Chinese-Chess-v3\StarAnimation\Core\Effect\ColorShiftParameter.cs", "C#", 0, 0, 0, 18, 0, 11, 6, 35
"e:\Documents\Programs\Chinese-Chess-v3\StarAnimation\Core\Effect\EffectConfigRegistry.cs", "C#", 0, 0, 0, 56, 0, 21, 7, 84
"e:\Documents\Programs\Chinese-Chess-v3\StarAnimation\Core\Effect\EffectInstance.cs", "C#", 0, 0, 0, 77, 0, 9, 13, 99
"e:\Documents\Programs\Chinese-Chess-v3\StarAnimation\Core\Effect\IEffectInstance.cs", "C#", 0, 0, 0, 11, 0, 8, 3, 22
"e:\Documents\Programs\Chinese-Chess-v3\StarAnimation\Core\Effect\Instance\ColorShiftInstance.cs", "C#", 0, 0, 0, 91, 0, 26, 20, 137
"e:\Documents\Programs\Chinese-Chess-v3\StarAnimation\Core\Effect\Instance\ConcentrateInstance.cs", "C#", 0, 0, 0, 28, 0, 8, 6, 42
"e:\Documents\Programs\Chinese-Chess-v3\StarAnimation\Core\Effect\Instance\PulseInstance.cs", "C#", 0, 0, 0, 87, 0, 25, 18, 130
"e:\Documents\Programs\Chinese-Chess-v3\StarAnimation\Core\Effect\Instance\TwistInstance.cs", "C#", 0, 0, 0, 137, 0, 26, 26, 189
"e:\Documents\Programs\Chinese-Chess-v3\StarAnimation\Core\Effect\Parameter\PulseParameter.cs", "C#", 0, 0, 0, 22, 0, 11, 6, 39
"e:\Documents\Programs\Chinese-Chess-v3\StarAnimation\Core\Effect\Parameter\TwistParameter.cs", "C#", 0, 0, 0, 26, 0, 11, 6, 43
"e:\Documents\Programs\Chinese-Chess-v3\StarAnimation\DEPRECATED\OverscrollCalculator.cs", "C#", 0, 0, 0, 56, 0, 33, 11, 100
"e:\Documents\Programs\Chinese-Chess-v3\StarAnimation\DEPRECATED\TwistInstanceGravity.cs", "C#", 0, 0, 0, 141, 0, 40, 28, 209
"e:\Documents\Programs\Chinese-Chess-v3\StarAnimation\DEPRECATED\TwistManager.cs", "C#", 0, 0, 0, 40, 0, 17, 8, 65
"e:\Documents\Programs\Chinese-Chess-v3\StarAnimation\DEPRECATED\Twist_Old.cs", "C#", 0, 0, 0, 47, 0, 36, 16, 99
"e:\Documents\Programs\Chinese-Chess-v3\StarAnimation\Interfaces\IDrawable.cs", "C#", 0, 0, 0, 6, 0, 9, 1, 16
"e:\Documents\Programs\Chinese-Chess-v3\StarAnimation\Models\Effect.cs", "C#", 0, 0, 0, 22, 0, 19, 3, 44
"e:\Documents\Programs\Chinese-Chess-v3\StarAnimation\Models\EffectType.cs", "C#", 0, 0, 0, 9, 0, 8, 1, 18
"e:\Documents\Programs\Chinese-Chess-v3\StarAnimation\Models\Frame.cs", "C#", 0, 0, 0, 12, 0, 11, 2, 25
"e:\Documents\Programs\Chinese-Chess-v3\StarAnimation\Models\Star.cs", "C#", 0, 0, 0, 79, 0, 58, 16, 153
"e:\Documents\Programs\Chinese-Chess-v3\StarAnimation\Renderers\BackgroundRenderer.cs", "C#", 0, 0, 0, 43, 0, 34, 10, 87
"e:\Documents\Programs\Chinese-Chess-v3\StarAnimation\Renderers\FrameRenderer.cs", "C#", 0, 0, 0, 41, 0, 22, 7, 70
"e:\Documents\Programs\Chinese-Chess-v3\StarAnimation\Renderers\StarRenderer.cs", "C#", 0, 0, 0, 43, 0, 17, 7, 67
"e:\Documents\Programs\Chinese-Chess-v3\StarAnimation\StarAnimation.cs", "C#", 0, 0, 0, 30, 0, 23, 10, 63
"e:\Documents\Programs\Chinese-Chess-v3\StarAnimation\StarAnimation.csproj", "XML", 10, 0, 0, 0, 0, 1, 1, 12
"e:\Documents\Programs\Chinese-Chess-v3\StarAnimation\Utils\AreaHandler.cs", "C#", 0, 0, 0, 31, 0, 33, 7, 71
"e:\Documents\Programs\Chinese-Chess-v3\StarAnimation\Utils\Area\CircleAreaSelector.cs", "C#", 0, 0, 0, 43, 0, 9, 9, 61
"e:\Documents\Programs\Chinese-Chess-v3\StarAnimation\Utils\Area\CircleAreaShape.cs", "C#", 0, 0, 0, 28, 0, 26, 9, 63
"e:\Documents\Programs\Chinese-Chess-v3\StarAnimation\Utils\Area\IAreaSelector.cs", "C#", 0, 0, 0, 7, 0, 11, 1, 19
"e:\Documents\Programs\Chinese-Chess-v3\StarAnimation\Utils\Area\IAreaShape.cs", "C#", 0, 0, 0, 10, 0, 14, 5, 29
"e:\Documents\Programs\Chinese-Chess-v3\StarAnimation\Utils\Area\RectangleAreaSelector.cs", "C#", 0, 0, 0, 57, 0, 10, 10, 77
"e:\Documents\Programs\Chinese-Chess-v3\StarAnimation\Utils\Area\RectangleAreaShape.cs", "C#", 0, 0, 0, 17, 0, 8, 6, 31
"e:\Documents\Programs\Chinese-Chess-v3\git_push.sh", "Shell Script", 0, 0, 0, 0, 39, 15, 10, 64
"e:\Documents\Programs\Chinese-Chess-v3\run_csharp_main.bat", "Batch", 0, 3, 0, 0, 0, 0, 1, 4
"e:\Documents\Programs\Chinese-Chess-v3\run_git_push.bat", "Batch", 0, 3, 0, 0, 0, 0, 0, 3
"Total", "-", 39, 6, 46, 10183, 39, 5802, 2822, 18937